كد درس,نام درس,كد ارائه كلاس درس,استاد,زمانبندي تشكيل كلاس,مقطع ارائه درس,نوع درس,تعداد واحد نظري,تعداد واحد عملي
6138129687,رياضي‌ گسسته‌,163114122222827,,پنج شنبه  از 07:30 تا 09:45 ,كارشناسي ناپيوسته,نظري,2,0
6138129687,رياضي‌ گسسته‌,163114122222826,,چهارشنبه  از 07:30 تا 09:45 ,كارشناسي ناپيوسته,نظري,2,0
4628129880,رياضيات گسسته,163114122222825,,پنج شنبه  از 09:45 تا 12:00 ,كارشناسي پيوسته,نظري,3,0
4628129880,رياضيات گسسته,163114122222824,,پنج شنبه  از 07:30 تا 09:45 ,كارشناسي پيوسته,نظري,3,0
4628129880,رياضيات گسسته,163114122222823,,چهارشنبه  از 09:45 تا 12:00 ,كارشناسي پيوسته,نظري,3,0
4628129880,رياضيات گسسته,163114122222822,,چهارشنبه  از 07:30 تا 09:45 ,كارشناسي پيوسته,نظري,3,0
1884173912,آزمايشگاه مدار هاي منطقي ومعماري كامپيوتر,163330380,مهدي قائمي اميري,يكشنبه  از 17:00 تا 18:30 ,كارشناسي پيوسته,آزمايشگاهي,0,1
6138171999,سيستمهاي اطلاعات مديريت,163330379,,يكشنبه  از 09:45 تا 12:00 ,كارشناسي ناپيوسته,آزمايشگاهي,2,1
1884169362,سيستم هاي عامل,163330378,مهدي صفرپور,دوشنبه  از 09:45 تا 12:00 ,كارشناسي پيوسته,نظري,3,0
6138206597,زبان‌ تخصصي,163330377,امين طوسي,دوشنبه  از 07:30 تا 09:00 ,كارشناسي ناپيوسته,نظري,2,0
1399130413,زبان‌ تخصصي‌ نرم‌ افزار,163330376,امين طوسي,يكشنبه  از 10:30 تا 12:00 ,كارشناسي پيوسته,نظري,3,0
1399131409,زبان ماشين و اسمبلي,163330375,محمد علي اسدي,سه شنبه  از 09:45 تا 12:00 ,كارشناسي پيوسته,عملي,1,1
1884114001,پايگاه‌داده‌ها,163330374,زهراء آگاه,يكشنبه  از 09:45 تا 12:00 ,كارشناسي پيوسته,نظري,3,0
1884103186,آزمايشگاه هاي شبكه هاي كامپيوتري,163330373,اسما رحيمي,پنج شنبه  از 14:00 تا 15:30 ,كارشناسي پيوسته,آزمايشگاهي,0,1
6138159787,كارگاه سيستم عامل,163330372,آيدين برزگر,دوشنبه  از 10:30 تا 12:00 ,كارشناسي ناپيوسته,كارگاهي,0,1
1884102126,آزمايشگاه ريز پردارنده,163330371,سميرا خنشاء,يكشنبه  از 17:00 تا 18:30 ,كارشناسي پيوسته,آزمايشگاهي,0,1
6138151529,مهندسي‌ نرم‌ افزار,163330370,وحيد صفاري,سه شنبه  از 07:30 تا 09:45 ,كارشناسي ناپيوسته,نظري,2,0
6138151529,مهندسي‌ نرم‌ افزار,163330369,وحيد صفاري,دوشنبه  از 09:45 تا 12:00 ,كارشناسي ناپيوسته,نظري,2,0
6138151529,مهندسي‌ نرم‌ افزار,163330368,وحيد صفاري,دوشنبه  از 07:30 تا 09:45 ,كارشناسي ناپيوسته,نظري,2,0
6138171999,سيستمهاي اطلاعات مديريت,163330367,منصوره زارع,شنبه  از 12:30 تا 14:45 ,كارشناسي ناپيوسته,آزمايشگاهي,2,1
6138150474,معماري‌ كامپيوتر,163330366,,شنبه  از 09:45 تا 12:00 ,كارشناسي ناپيوسته,آزمايشگاهي,2,1
6138150474,معماري‌ كامپيوتر,163330365,,شنبه  از 07:30 تا 09:45 ,كارشناسي ناپيوسته,آزمايشگاهي,2,1
1398135313,سيگنالها وسيستم ها,163330364,امير رضا استخريان حقيقي,يكشنبه  از 09:45 تا 12:00 ,كارشناسي ناپيوسته,نظري,3,0
1884135319,سيگنال وسيستم‌ها,163330363,امير رضا استخريان حقيقي,يكشنبه  از 07:30 تا 09:45 ,كارشناسي پيوسته,نظري,3,0
6138171999,سيستمهاي اطلاعات مديريت,163330362,منصوره زارع,چهارشنبه  از 07:30 تا 09:45 ,كارشناسي ناپيوسته,آزمايشگاهي,2,1
1884169362,سيستم هاي عامل,163330361,مهدي صفرپور,دوشنبه  از 07:30 تا 09:45 ,كارشناسي پيوسته,نظري,3,0
6138206597,زبان‌ تخصصي,163330360,امين طوسي,يكشنبه  از 09:00 تا 10:30 ,كارشناسي ناپيوسته,نظري,2,0
1399130413,زبان‌ تخصصي‌ نرم‌ افزار,163330359,امين طوسي,يكشنبه  از 07:30 تا 09:00 ,كارشناسي پيوسته,نظري,3,0
4293131409,زبان ماشين و اسمبلي,163330358,محمد علي اسدي,سه شنبه  از 07:30 تا 09:45 ,كارشناسي پيوسته,عملي,1,1
1603130341,ريزپردازنده و زبان اسمبلي,163330357,محمد علي اسدي,دوشنبه  از 09:45 تا 12:00 ,كارشناسي ناپيوسته,نظري,3,0
1399131409,زبان ماشين و اسمبلي,163330356,محمد علي اسدي,دوشنبه  از 07:30 تا 09:45 ,كارشناسي پيوسته,عملي,1,1
1603129022,روشهاي پژوهش و ارايه,163330355,امين اسكندري,سه شنبه  از 07:30 تا 09:00 ,كارشناسي ناپيوسته,نظري,2,0
1884127605,روش پژوهش و ارائه,163330354,امين اسكندري,يكشنبه  از 09:00 تا 10:30 ,كارشناسي پيوسته,نظري,2,0
1884114001,پايگاه‌داده‌ها,163330353,زهراء آگاه,يكشنبه  از 07:30 تا 09:45 ,كارشناسي پيوسته,نظري,3,0
1884103186,آزمايشگاه هاي شبكه هاي كامپيوتري,163330352,اسما رحيمي,پنج شنبه  از 15:30 تا 17:00 ,كارشناسي پيوسته,آزمايشگاهي,0,1
6138159787,كارگاه سيستم عامل,163330351,آيدين برزگر,دوشنبه  از 12:30 تا 14:00 ,كارشناسي ناپيوسته,كارگاهي,0,1
1603102246,آزمايشگاه سيستم‌هاي عامل,163330350,آيدين برزگر,يكشنبه  از 09:00 تا 10:30 ,كارشناسي پيوسته,عملي,0,1
1884102228,آزمايشگاه سيستم هاي عامل,163330349,آيدين برزگر,دوشنبه  از 09:00 تا 10:30 ,كارشناسي پيوسته,آزمايشگاهي,0,1
1884102126,آزمايشگاه ريز پردارنده,163330348,سميرا خنشاء,شنبه  از 17:00 تا 18:30 ,كارشناسي پيوسته,آزمايشگاهي,0,1
1603101485,آزمايشگاه پايگاه داده,163330347,سميه رحيمي,چهارشنبه  از 12:30 تا 14:00 ,كارشناسي پيوسته,عملي,0,1
1884101495,آزمايشگاه‌ پايگاه‌ داده‌,163330346,سميه رحيمي,چهارشنبه  از 14:00 تا 15:30 ,كارشناسي پيوسته,آزمايشگاهي,0,1
1884173912,آزمايشگاه مدار هاي منطقي ومعماري كامپيوتر,163330345,مهدي قائمي اميري,يكشنبه  از 15:30 تا 17:00 ,كارشناسي پيوسته,آزمايشگاهي,0,1
1884173912,آزمايشگاه مدار هاي منطقي ومعماري كامپيوتر,163330344,مهدي قائمي اميري,يكشنبه  از 14:00 تا 15:30 ,كارشناسي پيوسته,آزمايشگاهي,0,1
1884105928,اصول مديريت و برنامه ريزي راهبردهاي فناوري اطلاعات,163330343,,يكشنبه  از 09:45 تا 12:00 ,كارشناسي پيوسته,نظري,3,0
1603105928,اصول مديريت و برنامه ريزي راهبردي فناوري اطلاعات,163330342,,يكشنبه  از 09:45 تا 12:00 ,كارشناسي پيوسته,نظري,3,0
1603105622,اصول طراحي كامپايلر,163330341,,سه شنبه  از 14:45 تا 17:00 ,كارشناسي پيوسته,نظري,3,0
1884105622,اصول طراحي كامپايلر,163330240,فرزاد قهرماني,دوشنبه  از 07:30 تا 09:45 ,كارشناسي پيوسته,نظري,3,0
6138207662,طراحي كامپايلر,163330339,,سه شنبه  از 14:45 تا 17:00 ,كارشناسي ناپيوسته,نظري,3,0
6138207662,طراحي كامپايلر,163330338,,سه شنبه  از 12:30 تا 14:45 ,كارشناسي ناپيوسته,نظري,3,0
6138207662,طراحي كامپايلر,163330337,فرزاد قهرماني,سه شنبه  از 07:30 تا 09:45 ,كارشناسي ناپيوسته,نظري,3,0
6138207662,طراحي كامپايلر,163330336,فرزاد قهرماني,دوشنبه  از 09:45 تا 12:00 ,كارشناسي ناپيوسته,نظري,3,0
6138207662,طراحي كامپايلر,163330335,فرزاد قهرماني,دوشنبه  از 07:30 تا 09:45 ,كارشناسي ناپيوسته,نظري,3,0
1884102914,آزمايشگاه مهندسي نرم افزار,163330334,اسما رحيمي,چهارشنبه  از 17:00 تا 18:30 ,كارشناسي ناپيوسته,عملي,0,1
1884102914,آزمايشگاه مهندسي نرم افزار,163330333,اسما رحيمي,سه شنبه  از 17:00 تا 18:30 ,كارشناسي ناپيوسته,عملي,0,1
1884102914,آزمايشگاه مهندسي نرم افزار,163330332,اسما رحيمي,دوشنبه  از 17:00 تا 18:30 ,كارشناسي ناپيوسته,عملي,0,1
1884102914,آزمايشگاه مهندسي نرم افزار,163330331,اسما رحيمي,يكشنبه  از 17:00 تا 18:30 ,كارشناسي ناپيوسته,عملي,0,1
1884102914,آزمايشگاه مهندسي نرم افزار,163330330,اسما رحيمي,شنبه  از 17:00 تا 18:30 ,كارشناسي ناپيوسته,عملي,0,1
6138155491,هوش مصنوعي,163330329,زهراسادات عصايي معمم,چهارشنبه  از 14:45 تا 17:00 ,كارشناسي ناپيوسته,نظري,3,0
6138155491,هوش مصنوعي,163330328,زهراسادات عصايي معمم,دوشنبه  از 14:45 تا 17:00 ,كارشناسي ناپيوسته,نظري,3,0
6138155491,هوش مصنوعي,163330327,الهام پروين نيا,سه شنبه  از 12:30 تا 14:45 ,كارشناسي ناپيوسته,نظري,3,0
6138155491,هوش مصنوعي,163330326,الهام پروين نيا,سه شنبه  از 07:30 تا 09:45 ,كارشناسي ناپيوسته,نظري,3,0
1399129689,رياضي‌ مهندسي‌,1662275187243,مهرزاد احمدي ابنوي,,كارشناسي ناپيوسته,نظري,2,0
4628182893,كارگاه برنامه نويسي مت لپ,163330321,,چهارشنبه  از 12:30 تا 14:45 ,كارشناسي پيوسته,عملي,0,1
4628182893,كارگاه برنامه نويسي مت لپ,163330320,,چهارشنبه  از 07:30 تا 09:45 ,كارشناسي پيوسته,عملي,0,1
4628164617,طراحي كامپيوتر سيستمهاي ديجيتال,1662190509991,محمد علي اسدي,,كارشناسي پيوسته,نظري,3,0
4628127605,روش پژوهش و ارايه,1662190462113,امين طوسي,,كارشناسي پيوسته,نظري,2,0
6129126171,رايانش تكاملي,163330628,الهام پروين نيا,چهارشنبه  از 09:45 تا 12:00 ,دكتري تخصصي,نظري,3,0
7000000606,رساله (6 واحد),163330951,,,دكتري تخصصي,پايان نامه_رساله,0,6
999999991,آزمون جامع,163330950,,,دكتري تخصصي,آزمون جامع,0,0
6129169364,سيستم هاي عامل پيشرفته,163330627,سيد ابراهيم دشتي,پنج شنبه  از 12:30 تا 14:45 ,دكتري تخصصي,نظري,3,0
6129147373,مجموعه ها و سيستم هاي فازي,163330621,فرزاد قهرماني,چهارشنبه  از 07:30 تا 09:45 ,دكتري تخصصي,نظري,3,0
6129135488,شبكه هاي بي سيم و سيار,163330626,امير رضا استخريان حقيقي,پنج شنبه  از 07:30 تا 09:45 ,دكتري تخصصي,نظري,3,0
6129119084,تصوير پردازي رقمي,163330625,مهدي محرابي,پنج شنبه  از 09:45 تا 12:00 ,دكتري تخصصي,نظري,3,0
6129136015,شناسايي الگو,163330624,محمد علي تبرزد,پنج شنبه  از 07:30 تا 09:45 ,دكتري تخصصي,نظري,3,0
6129151857,مهندسي نرم‌افزار پيشرفته,163330623,غلامرضا ستوده,چهارشنبه  از 14:45 تا 17:00 ,دكتري تخصصي,نظري,3,0
6129114212,پردازش موازي,163330622,غلامرضا ستوده,چهارشنبه  از 12:30 تا 14:45 ,دكتري تخصصي,نظري,3,0
4722144343,مباني اقتصاد مهندسي,163330706,ناصر پرهيزگار,شنبه  از 09:45 تا 12:00 ,كارشناسي پيوسته,نظري,3,0
4722116857,تجارت الكترونيكي,163330705,,,كارشناسي پيوسته,نظري,3,0
1396155511,هوش مصنوعي و سيستم هاي خبره,163330704,,,كارشناسي پيوسته,نظري,3,0
1392136988,طراحي‌الگوريتمها(تكنوكامپيو),163330703,,,كارشناسي پيوسته,نظري,3,0
1396137064,طراحي الگوريتم‌ها,163330702,,,كارشناسي پيوسته,نظري,3,0
1392169362,سيستم هاي عامل,163330701,,,كارشناسي پيوسته,نظري,3,0
4722113914,پايان‌‌نامه,163330953,,,كارشناسي ارشد ناپيوسته,پايان نامه_رساله,0,6
1396113914,پايان‌‌نامه,163330952,,,كارشناسي ارشد ناپيوسته,پايان نامه_رساله,0,6
1392113914,پايان‌‌نامه,163330951,,,كارشناسي ارشد ناپيوسته,پايان نامه_رساله,0,6
4722128026,روش تحقيق و سمينار,163330903,,,كارشناسي ارشد ناپيوسته,نظري,2,0
1396133479,سمينار,163330902,,,كارشناسي ارشد ناپيوسته,سمينار,2,0
1392133479,سمينار,163330901,,,كارشناسي ارشد ناپيوسته,نظري,2,0
1396143788,مباحث ويژه 1 در هوش مصنوعي,163330613,محمد علي تبرزد,پنج شنبه  از 09:45 تا 12:00 ,كارشناسي ارشد ناپيوسته,نظري,3,0
1392169392,مباحث ويژه در نرم افزار 1,163330604,الهام پروين نيا,چهارشنبه  از 09:45 تا 12:00 ,كارشناسي ارشد ناپيوسته,نظري,3,0
4722143364,مباحث‌ ويژه‌,163330607,فرزاد قهرماني,چهارشنبه  از 12:30 تا 14:45 ,كارشناسي ارشد ناپيوسته,نظري,3,0
4628102515,آزمايشگاه فيزيك 2,163330273,محبوبه شقاقيان,سه شنبه  از 14:00 تا 15:30 ,كارشناسي پيوسته,عملي,0,1
4628102515,آزمايشگاه فيزيك 2,163330272,محبوبه شقاقيان,دوشنبه  از 10:30 تا 12:00 ,كارشناسي پيوسته,عملي,0,1
4628102515,آزمايشگاه فيزيك 2,163330271,محبوبه شقاقيان,سه شنبه  از 12:30 تا 14:00 ,كارشناسي پيوسته,عملي,0,1
4628102515,آزمايشگاه فيزيك 2,163330270,محبوبه شقاقيان,سه شنبه  از 09:00 تا 10:30 ,كارشناسي پيوسته,عملي,0,1
4628102515,آزمايشگاه فيزيك 2,163330269,محبوبه شقاقيان,سه شنبه  از 07:30 تا 09:00 ,كارشناسي پيوسته,عملي,0,1
4628102515,آزمايشگاه فيزيك 2,163330268,محبوبه شقاقيان,دوشنبه  از 14:00 تا 15:30 ,كارشناسي پيوسته,عملي,0,1
4628102515,آزمايشگاه فيزيك 2,163330267,محبوبه شقاقيان,دوشنبه  از 12:30 تا 14:00 ,كارشناسي پيوسته,عملي,0,1
4628102515,آزمايشگاه فيزيك 2,163330266,محبوبه شقاقيان,سه شنبه  از 10:30 تا 12:00 ,كارشناسي پيوسته,عملي,0,1
4628102515,آزمايشگاه فيزيك 2,163330265,محبوبه شقاقيان,دوشنبه  از 09:00 تا 10:30 ,كارشناسي پيوسته,عملي,0,1
4628102515,آزمايشگاه فيزيك 2,163330264,محبوبه شقاقيان,دوشنبه  از 07:30 تا 09:00 ,كارشناسي پيوسته,عملي,0,1
4628141492,فيزيك 2,163330263,تورج غفاري,چهارشنبه  از 07:30 تا 10:30 ,كارشناسي پيوسته,نظري,3,0
4628141492,فيزيك 2,163330262,هادي خواجه آزاد,شنبه  از 14:00 تا 17:00 ,كارشناسي پيوسته,نظري,3,0
4628141492,فيزيك 2,163330261,هادي خواجه آزاد,دوشنبه  از 14:00 تا 17:00 ,كارشناسي پيوسته,نظري,3,0
4628141492,فيزيك 2,163330260,لادن رضائي,سه شنبه  از 10:30 تا 12:00 سه شنبه  از  از 12:30 تا 14:00 ,كارشناسي پيوسته,نظري,3,0
4628141492,فيزيك 2,163330259,لادن رضائي,سه شنبه  از 07:30 تا 10:30 ,كارشناسي پيوسته,نظري,3,0
4628141460,فيزيك 1  ,163330258,,,كارشناسي پيوسته,نظري,3,0
4628141460,فيزيك 1  ,163330257,لادن رضائي,چهارشنبه  از 10:30 تا 12:00 چهارشنبه  از  از 12:30 تا 14:00 ,كارشناسي پيوسته,نظري,3,0
4628141460,فيزيك 1  ,163330256,لادن رضائي,چهارشنبه  از 07:30 تا 10:30 ,كارشناسي پيوسته,نظري,3,0
7000002170,روش تحقيق، مقاله و رساله نويسي پيشرفته,163330605,محمدامين شايگان,چهارشنبه  از 10:30 تا 12:00 ,دكتري تخصصي,نظري,2,0
4722125973,ذخيره و بازيابي اطلاعات روي وب,163330612,محمد علي تبرزد,پنج شنبه  از 09:45 تا 12:00 ,كارشناسي ارشد ناپيوسته,نظري,3,0
7000002172,روش تحقيق,163330618,محمد علي اسدي,پنج شنبه  از 14:45 تا 16:15 ,كارشناسي ارشد ناپيوسته,نظري,2,0
4722169048,امنيت تجارت الكترونيكي,163330617,مهدي محرابي,پنج شنبه  از 12:30 تا 14:45 ,كارشناسي ارشد ناپيوسته,نظري,3,0
1396135447,شبكه‌هاي عصبي,163330616,محمد علي اسدي,پنج شنبه  از 12:30 تا 14:45 ,كارشناسي ارشد ناپيوسته,نظري,3,0
1392169364,سيستم هاي عامل پيشرفته,163330615,سيد ابراهيم دشتي,پنج شنبه  از 12:30 تا 14:45 ,كارشناسي ارشد ناپيوسته,نظري,3,0
4722169050,بازاريابي الكترونيكي,163330614,امير رضا استخريان حقيقي,پنج شنبه  از 09:45 تا 12:00 ,كارشناسي ارشد ناپيوسته,نظري,3,0
4722173617,تجارت الكترونيكي سيار و محاسبات فراگير,163330610,امير رضا استخريان حقيقي,پنج شنبه  از 07:30 تا 09:45 ,كارشناسي ارشد ناپيوسته,نظري,3,0
1396136015,شناسايي الگو,163330609,محمد علي تبرزد,پنج شنبه  از 07:30 تا 09:45 ,كارشناسي ارشد ناپيوسته,نظري,3,0
1392151857,مهندسي نرم‌افزار پيشرفته,163330608,غلامرضا ستوده,چهارشنبه  از 14:45 تا 17:00 ,كارشناسي ارشد ناپيوسته,نظري,3,0
4628137064,طراحي الگوريتم‌ها,163330255,عباس سيف نژاد,چهارشنبه  از 12:30 تا 14:45 ,كارشناسي پيوسته,نظري,3,0
4628137064,طراحي الگوريتم‌ها,163330254,عباس سيف نژاد,چهارشنبه  از 09:45 تا 12:00 ,كارشناسي پيوسته,نظري,3,0
4628137064,طراحي الگوريتم‌ها,163330253,عباس سيف نژاد,چهارشنبه  از 07:30 تا 09:45 ,كارشناسي پيوسته,نظري,3,0
4628137064,طراحي الگوريتم‌ها,163330252,عباس سيف نژاد,شنبه  از 09:45 تا 12:00 ,كارشناسي پيوسته,نظري,3,0
4628137064,طراحي الگوريتم‌ها,163330251,عباس سيف نژاد,شنبه  از 07:30 تا 09:45 ,كارشناسي پيوسته,نظري,3,0
4628155511,هوش مصنوعي و سيستم هاي خبره,163330250,,,كارشناسي پيوسته,نظري,3,0
4628155511,هوش مصنوعي و سيستم هاي خبره,163330249,,,كارشناسي پيوسته,نظري,3,0
4628155511,هوش مصنوعي و سيستم هاي خبره,163330248,زهراسادات عصايي معمم,چهارشنبه  از 14:45 تا 17:00 ,كارشناسي پيوسته,نظري,3,0
4628155511,هوش مصنوعي و سيستم هاي خبره,163330247,زهراسادات عصايي معمم,دوشنبه  از 14:45 تا 17:00 ,كارشناسي پيوسته,نظري,3,0
1392114212,پردازش موازي,163330606,غلامرضا ستوده,چهارشنبه  از 12:30 تا 14:45 ,كارشناسي ارشد ناپيوسته,نظري,3,0
4628153620,نظريه زبان‌ها و ماشين‌ها,163330246,كريم حيدري,شنبه  از 14:45 تا 17:00 ,كارشناسي پيوسته,نظري,3,0
4628153620,نظريه زبان‌ها و ماشين‌ها,163330245,كريم حيدري,شنبه  از 12:30 تا 14:45 ,كارشناسي پيوسته,نظري,3,0
4628150474,معماري‌ كامپيوتر,163330244,,يكشنبه  از 09:45 تا 12:00 ,كارشناسي پيوسته,نظري,3,0
4628150474,معماري‌ كامپيوتر,163330243,,شنبه  از 12:30 تا 14:45 ,كارشناسي پيوسته,نظري,3,0
4628150474,معماري‌ كامپيوتر,163330242,,شنبه  از 09:45 تا 12:00 ,كارشناسي پيوسته,نظري,3,0
4628150474,معماري‌ كامپيوتر,163330241,,شنبه  از 07:30 تا 09:45 ,كارشناسي پيوسته,نظري,3,0
4628147685,مدار‌هاي الكتريكي,163330240,حسن عدلو,شنبه  از 12:30 تا 14:45 ,كارشناسي پيوسته,نظري,3,0
4628147685,مدار‌هاي الكتريكي,163330239,حسن عدلو,يكشنبه  از 09:45 تا 12:00 ,كارشناسي پيوسته,نظري,3,0
4628147685,مدار‌هاي الكتريكي,163330238,حسن عدلو,يكشنبه  از 12:30 تا 14:45 ,كارشناسي پيوسته,نظري,3,0
6138207658,آزمايشگاه پايگاه داده 2,163330319,,,كارشناسي پيوسته,كارگاهي,0,1
6138207658,آزمايشگاه پايگاه داده 2,163330318,,,كارشناسي پيوسته,كارگاهي,0,1
6138207657,آزمايشگاه هوش مصنوعي,163330316,مهدي بردبار,يكشنبه  از 10:30 تا 12:00 ,كارشناسي پيوسته,كارگاهي,0,1
6138207657,آزمايشگاه هوش مصنوعي,163330315,مهدي بردبار,يكشنبه  از 12:30 تا 14:00 ,كارشناسي پيوسته,كارگاهي,0,1
1396126171,رايانش تكاملي,163330603,الهام پروين نيا,چهارشنبه  از 09:45 تا 12:00 ,كارشناسي ارشد ناپيوسته,نظري,3,0
6138181288,اينترنت اشيا,163330314,مهدي بردبار,يكشنبه  از 07:30 تا 09:45 يكشنبه  از  از 17:00 تا 18:00 ,كارشناسي پيوسته,آزمايشگاهي,2,1
6138153355,نصب و راه‌اندازي شبكه,163330313,,,كارشناسي پيوسته,آزمايشگاهي,2,1
6138153355,نصب و راه‌اندازي شبكه,163330312,,,كارشناسي پيوسته,آزمايشگاهي,2,1
6138206055,برنامه نويسي موبايل,163330309,,شنبه  از 09:45 تا 12:00 شنبه  از  از 17:00 تا 18:00 ,كارشناسي پيوسته,آزمايشگاهي,2,1
6138207655,آزمايشگاه طراحي واسط كاربري,163330310,,يكشنبه  از 15:30 تا 17:00 ,كارشناسي پيوسته,كارگاهي,0,1
6138207655,آزمايشگاه طراحي واسط كاربري,163330311,,يكشنبه  از 17:00 تا 18:30 ,كارشناسي پيوسته,كارگاهي,0,1
4628116851,تجارت الكترونيك,163330308,,چهارشنبه  از 09:45 تا 12:00 ,كارشناسي پيوسته,نظري,3,0
4628116851,تجارت الكترونيك,163330307,,دوشنبه  از 12:30 تا 14:45 ,كارشناسي پيوسته,نظري,3,0
4628144960,مباني رايانش امن,163330306,منصوره زارع,شنبه  از 07:30 تا 09:45 ,كارشناسي پيوسته,نظري,3,0
4628144960,مباني رايانش امن,163330305,منصوره زارع,شنبه  از 09:45 تا 12:00 ,كارشناسي پيوسته,نظري,3,0
4628162051,يكپارچه سازي كاربردهاي سازماني,163330304,,شنبه  از 07:30 تا 09:45 ,كارشناسي پيوسته,نظري,3,0
4628162051,يكپارچه سازي كاربردهاي سازماني,163330303,,شنبه  از 07:30 تا 09:45 ,كارشناسي پيوسته,نظري,3,0
4628165140,رياضي عمومي 1,163114122222463,سارا فناطي رشيدي,شنبه  از 09:30 تا 11:30 دوشنبه  از 09:30 تا 11:30 ,كارشناسي پيوسته,نظري,3,0
4628148579,مديريت پروژه هاي فناوري اطلاعات,163330302,,يكشنبه  از 12:30 تا 14:45 ,كارشناسي پيوسته,نظري,3,0
4628148579,مديريت پروژه هاي فناوري اطلاعات,163330301,,يكشنبه  از 12:00 تا 14:45 ,كارشناسي پيوسته,نظري,3,0
4628143773,مباحث ويژه 1,163330300,,,كارشناسي پيوسته,نظري,3,0
4628143773,مباحث ويژه 1,163330299,,,كارشناسي پيوسته,نظري,3,0
4628144915,مباني داده كاوي,163330298,,چهارشنبه  از 07:30 تا 09:45 ,كارشناسي پيوسته,نظري,3,0
4628144915,مباني داده كاوي,163330297,,چهارشنبه  از 09:45 تا 12:00 ,كارشناسي پيوسته,نظري,3,0
4628151527,مهندسي‌ اينترنت‌,163330296,عبدالكريم جوانمردي,يكشنبه  از 09:45 تا 12:00 ,كارشناسي پيوسته,نظري,3,0
4628151527,مهندسي‌ اينترنت‌,163330295,عبدالكريم جوانمردي,يكشنبه  از 12:30 تا 14:45 ,كارشناسي پيوسته,نظري,3,0
4628151527,مهندسي‌ اينترنت‌,163330294,عبدالكريم جوانمردي,يكشنبه  از 14:45 تا 17:00 ,كارشناسي پيوسته,نظري,3,0
4628164617,طراحي كامپيوتر سيستمهاي ديجيتال,163330293,,,كارشناسي پيوسته,نظري,3,0
4628164617,طراحي كامپيوتر سيستمهاي ديجيتال,163330292,,,كارشناسي پيوسته,نظري,3,0
1396147373,مجموعه ها و سيستم هاي فازي,163330602,فرزاد قهرماني,چهارشنبه  از 07:30 تا 09:45 ,كارشناسي ارشد ناپيوسته,نظري,3,0
4628164617,طراحي كامپيوتر سيستمهاي ديجيتال,163330291,,,كارشناسي پيوسته,نظري,3,0
4628164617,طراحي كامپيوتر سيستمهاي ديجيتال,163330290,,,كارشناسي پيوسته,نظري,3,0
4628135313,سيگنالها وسيستم ها,163330289,حسن عدلو,شنبه  از 09:45 تا 12:00 ,كارشناسي پيوسته,نظري,3,0
4628135313,سيگنالها وسيستم ها,163330288,حسن عدلو,شنبه  از 07:30 تا 09:45 ,كارشناسي پيوسته,نظري,3,0
4628137355,طراحي زبان هاي برنامه سازي,163330287,,,كارشناسي پيوسته,نظري,3,0
4628135451,شبكه‌هاي كامپيوتري,163330286,,,كارشناسي پيوسته,نظري,3,0
4628135451,شبكه‌هاي كامپيوتري,163330285,,,كارشناسي پيوسته,نظري,3,0
4628130341,ريزپردازنده و زبان اسمبلي,163330284,سميرا خنشاء,يكشنبه  از 14:45 تا 17:00 ,كارشناسي پيوسته,نظري,3,0
4628130341,ريزپردازنده و زبان اسمبلي,163330283,سميرا خنشاء,شنبه  از 14:45 تا 17:00 ,كارشناسي پيوسته,نظري,3,0
4628142462,گرافيك‌ كامپيوتري‌,163330282,احمد عابدي,شنبه  از 12:30 تا 14:45 ,كارشناسي پيوسته,نظري,3,0
4628142462,گرافيك‌ كامپيوتري‌,163330281,احمد عابدي,شنبه  از 09:45 تا 12:00 ,كارشناسي پيوسته,نظري,3,0
4628142462,گرافيك‌ كامپيوتري‌,163330280,احمد عابدي,شنبه  از 07:30 تا 09:45 ,كارشناسي پيوسته,نظري,3,0
4628105622,اصول طراحي كامپايلر,163330279,,سه شنبه  از 14:45 تا 17:00 ,كارشناسي پيوسته,نظري,3,0
4628105622,اصول طراحي كامپايلر,163330278,,سه شنبه  از 12:30 تا 14:45 ,كارشناسي پيوسته,نظري,3,0
1396119084,تصوير پردازي رقمي,163330611,مهدي محرابي,پنج شنبه  از 09:45 تا 12:00 ,كارشناسي ارشد ناپيوسته,نظري,3,0
4628114001,پايگاه‌داده‌ها,163330277,,,كارشناسي پيوسته,نظري,3,0
4628114001,پايگاه‌داده‌ها,163330276,,,كارشناسي پيوسته,نظري,3,0
4628114001,پايگاه‌داده‌ها,163330275,زهراء آگاه,سه شنبه  از 14:45 تا 17:00 ,كارشناسي پيوسته,نظري,3,0
4628114001,پايگاه‌داده‌ها,163330274,زهراء آگاه,دوشنبه  از 09:45 تا 12:00 ,كارشناسي پيوسته,نظري,3,0
4628114001,پايگاه‌داده‌ها,163330273,زهراء آگاه,دوشنبه  از 07:30 تا 09:45 ,كارشناسي پيوسته,نظري,3,0
4628114001,پايگاه‌داده‌ها,163330272,زهراء آگاه,يكشنبه  از 09:45 تا 12:00 ,كارشناسي پيوسته,نظري,3,0
1392125015,داده كاوي,163330601,الهام پروين نيا,چهارشنبه  از 07:30 تا 09:45 ,كارشناسي ارشد ناپيوسته,نظري,3,0
4628114001,پايگاه‌داده‌ها,163330271,زهراء آگاه,يكشنبه  از 07:30 تا 09:45 ,كارشناسي پيوسته,نظري,3,0
4627129689,رياضي‌ مهندسي‌,163330270,,,كارشناسي پيوسته,نظري,3,0
4627129689,رياضي‌ مهندسي‌,163330269,,,كارشناسي پيوسته,نظري,3,0
4627129689,رياضي‌ مهندسي‌,163330268,,,كارشناسي پيوسته,نظري,3,0
4627129689,رياضي‌ مهندسي‌,163330267,,دوشنبه  از 09:45 تا 12:00 ,كارشناسي پيوسته,نظري,3,0
4627129689,رياضي‌ مهندسي‌,163330266,,دوشنبه  از 07:30 تا 09:45 ,كارشناسي پيوسته,نظري,3,0
4628147685,مدار‌هاي الكتريكي,163330237,حسن عدلو,يكشنبه  از 14:45 تا 17:00 ,كارشناسي پيوسته,نظري,3,0
4627129689,رياضي‌ مهندسي‌,163330265,خديجه ابول پور,شنبه  از 09:45 تا 12:00 ,كارشناسي پيوسته,نظري,3,0
4627129689,رياضي‌ مهندسي‌,163330264,خديجه ابول پور,شنبه  از 07:30 تا 09:45 ,كارشناسي پيوسته,نظري,3,0
4628171999,سيستمهاي اطلاعات مديريت,163330322,,يكشنبه  از 09:45 تا 12:00 ,كارشناسي پيوسته,نظري,3,0
4628171999,سيستمهاي اطلاعات مديريت,163330323,منصوره زارع,شنبه  از 12:30 تا 14:45 ,كارشناسي پيوسته,نظري,3,0
4628171999,سيستمهاي اطلاعات مديريت,163330324,منصوره زارع,چهارشنبه  از 07:30 تا 09:45 ,كارشناسي پيوسته,نظري,3,0
4628147685,مدار‌هاي الكتريكي,163330236,,,كارشناسي پيوسته,نظري,3,0
4628147685,مدار‌هاي الكتريكي,163330235,,,كارشناسي پيوسته,نظري,3,0
4628147685,مدار‌هاي الكتريكي,163330234,,,كارشناسي پيوسته,نظري,3,0
4628117515,تحليل‌ و طراحي سيستم ها,163330233,,دوشنبه  از 15:15 تا 17:30 ,كارشناسي پيوسته,نظري,3,0
4628117515,تحليل‌ و طراحي سيستم ها,163330232,,دوشنبه  از 13:00 تا 15:15 ,كارشناسي پيوسته,نظري,3,0
4628117515,تحليل‌ و طراحي سيستم ها,163330231,,,كارشناسي ناپيوسته,نظري,3,0
4628117515,تحليل‌ و طراحي سيستم ها,163330230,,دوشنبه  از 14:45 تا 17:00 ,كارشناسي پيوسته,نظري,3,0
4628117515,تحليل‌ و طراحي سيستم ها,163330229,,دوشنبه  از 12:30 تا 14:45 ,كارشناسي پيوسته,نظري,3,0
4628117515,تحليل‌ و طراحي سيستم ها,163330228,,يكشنبه  از 14:45 تا 17:00 ,كارشناسي پيوسته,نظري,3,0
4628117515,تحليل‌ و طراحي سيستم ها,163330227,,يكشنبه  از 12:30 تا 14:45 ,كارشناسي پيوسته,نظري,3,0
5990181603,آزمايشگاه نرم افزارهاي اداري,821-20,,,كارداني پيوسته,عملي,0,1
4628132653,ساختمان‌هاي داده,163330226,,,كارشناسي پيوسته,نظري,3,0
4628132653,ساختمان‌هاي داده,163330225,امين اسكندري,دوشنبه  از 09:45 تا 12:00 ,كارشناسي پيوسته,نظري,3,0
4628132653,ساختمان‌هاي داده,163330224,امين اسكندري,دوشنبه  از 07:30 تا 09:45 ,كارشناسي پيوسته,نظري,3,0
4628111667,برنامه‌سازي پيشرفته,163330223,,,كارشناسي پيوسته,نظري,3,0
4628111667,برنامه‌سازي پيشرفته,163330222,,,كارشناسي پيوسته,نظري,3,0
4628111667,برنامه‌سازي پيشرفته,163330221,,,كارشناسي پيوسته,نظري,3,0
4628160442,كارگاه كامپيوتر,163330220,سميه رحيمي,چهارشنبه  از 15:30 تا 17:00 ,كارشناسي پيوسته,عملي,0,1
4628160442,كارگاه كامپيوتر,163330219,سميه رحيمي,پنج شنبه  از 12:30 تا 14:00 ,كارشناسي پيوسته,عملي,0,1
4628160442,كارگاه كامپيوتر,163330218,سميه رحيمي,پنج شنبه  از 14:00 تا 15:30 ,كارشناسي پيوسته,عملي,0,1
4628160442,كارگاه كامپيوتر,163330217,سميه رحيمي,پنج شنبه  از 15:30 تا 17:00 ,كارشناسي پيوسته,عملي,0,1
4628160442,كارگاه كامپيوتر,163330216,آرزو خسروي,چهارشنبه  از 07:30 تا 09:00 ,كارشناسي پيوسته,عملي,0,1
4628160442,كارگاه كامپيوتر,163330215,آرزو خسروي,چهارشنبه  از 09:00 تا 10:30 ,كارشناسي پيوسته,عملي,0,1
4628160442,كارگاه كامپيوتر,163330214,آرزو خسروي,چهارشنبه  از 10:30 تا 12:00 ,كارشناسي پيوسته,عملي,0,1
4628160442,كارگاه كامپيوتر,163330213,آرزو خسروي,چهارشنبه  از 12:30 تا 14:00 ,كارشناسي پيوسته,عملي,0,1
4628160442,كارگاه كامپيوتر,163330212,,,كارشناسي پيوسته,عملي,0,1
4628160442,كارگاه كامپيوتر,163330211,,,كارشناسي پيوسته,عملي,0,1
4628160442,كارگاه كامپيوتر,163330210,,,كارشناسي پيوسته,عملي,0,1
4628160442,كارگاه كامپيوتر,163330209,,,كارشناسي پيوسته,عملي,0,1
4628147873,مدارهاي منطقي,163330208,,يكشنبه  از 14:45 تا 17:00 ,كارشناسي پيوسته,نظري,3,0
4628147873,مدارهاي منطقي,163330207,,يكشنبه  از 12:30 تا 14:45 ,كارشناسي پيوسته,نظري,3,0
4628107113,اقتصاد مهندسي,163330206,ليلا نوراني,شنبه  از 12:30 تا 14:45 ,كارشناسي پيوسته,نظري,3,0
4628107113,اقتصاد مهندسي,163330205,ناصر پرهيزگار,شنبه  از 09:45 تا 12:00 ,كارشناسي پيوسته,نظري,3,0
4628105928,اصول مديريت و برنامه ريزي راهبردهاي فناوري اطلاعات,163330204,,,كارشناسي پيوسته,نظري,3,0
4628105928,اصول مديريت و برنامه ريزي راهبردهاي فناوري اطلاعات,163330203,,يكشنبه  از 09:45 تا 12:00 ,كارشناسي پيوسته,نظري,3,0
4628105776,اصول فناوري اطلاعات,163330202,,سه شنبه  از 14:45 تا 17:00 ,كارشناسي پيوسته,نظري,3,0
4628105776,اصول فناوري اطلاعات,163330201,,چهارشنبه  از 14:45 تا 17:30 ,كارشناسي پيوسته,نظري,3,0
4628105776,اصول فناوري اطلاعات,163330200,,چهارشنبه  از 15:15 تا 17:00 ,كارشناسي پيوسته,نظري,3,0
4628105776,اصول فناوري اطلاعات,163330199,,سه شنبه  از 15:15 تا 17:30 ,كارشناسي پيوسته,نظري,3,0
4628102924,آزمايشگاه مهندسي نرم‌افزار ,163330198,اسما رحيمي,شنبه  از 17:00 تا 18:30 ,كارشناسي پيوسته,عملي,0,1
4628102924,آزمايشگاه مهندسي نرم‌افزار ,163330197,اسما رحيمي,يكشنبه  از 17:00 تا 18:30 ,كارشناسي پيوسته,عملي,0,1
4628102924,آزمايشگاه مهندسي نرم‌افزار ,163330196,اسما رحيمي,دوشنبه  از 17:00 تا 18:30 ,كارشناسي پيوسته,عملي,0,1
4628102924,آزمايشگاه مهندسي نرم‌افزار ,163330195,اسما رحيمي,سه شنبه  از 17:00 تا 18:30 ,كارشناسي پيوسته,عملي,0,1
4628102924,آزمايشگاه مهندسي نرم‌افزار ,163330194,اسما رحيمي,چهارشنبه  از 17:00 تا 18:30 ,كارشناسي پيوسته,عملي,0,1
4628181640,آزمايشكاه مدارهاي منطقي و معماري كامپيوتر,163330193,مهدي قائمي اميري,دوشنبه  از 17:00 تا 18:30 ,كارشناسي پيوسته,عملي,0,1
4628181640,آزمايشكاه مدارهاي منطقي و معماري كامپيوتر,163330192,مهدي قائمي اميري,دوشنبه  از 15:30 تا 17:00 ,كارشناسي پيوسته,عملي,0,1
4628181640,آزمايشكاه مدارهاي منطقي و معماري كامپيوتر,163330191,مهدي قائمي اميري,دوشنبه  از 14:00 تا 15:30 ,كارشناسي پيوسته,عملي,0,1
4628181640,آزمايشكاه مدارهاي منطقي و معماري كامپيوتر,163330190,مهدي قائمي اميري,يكشنبه  از 17:00 تا 18:30 ,كارشناسي پيوسته,عملي,0,1
4628181640,آزمايشكاه مدارهاي منطقي و معماري كامپيوتر,163330189,مهدي قائمي اميري,يكشنبه  از 15:30 تا 17:00 ,كارشناسي پيوسته,عملي,0,1
4628181640,آزمايشكاه مدارهاي منطقي و معماري كامپيوتر,163330188,مهدي قائمي اميري,يكشنبه  از 14:00 تا 15:30 ,كارشناسي پيوسته,عملي,0,1
4628101498,آزمايشگاه شبكه ‌هاي‌ كامپيوتري‌,163330187,اسما رحيمي,پنج شنبه  از 09:00 تا 10:30 ,كارشناسي پيوسته,عملي,0,1
4628101498,آزمايشگاه شبكه ‌هاي‌ كامپيوتري‌,163330186,اسما رحيمي,پنج شنبه  از 10:30 تا 12:00 ,كارشناسي پيوسته,عملي,0,1
4628101498,آزمايشگاه شبكه ‌هاي‌ كامپيوتري‌,163330185,اسما رحيمي,پنج شنبه  از 12:30 تا 14:00 ,كارشناسي پيوسته,عملي,0,1
4628101498,آزمايشگاه شبكه ‌هاي‌ كامپيوتري‌,163330184,اسما رحيمي,پنج شنبه  از 14:00 تا 15:30 ,كارشناسي پيوسته,عملي,0,1
4628101498,آزمايشگاه شبكه ‌هاي‌ كامپيوتري‌,163330183,اسما رحيمي,پنج شنبه  از 15:30 تا 17:00 ,كارشناسي پيوسته,عملي,0,1
4628102246,آزمايشگاه سيستم‌هاي عامل,163330182,,,كارشناسي پيوسته,عملي,0,1
4628102246,آزمايشگاه سيستم‌هاي عامل,163330181,آيدين برزگر,دوشنبه  از 12:30 تا 14:00 ,كارشناسي پيوسته,عملي,0,1
4628102246,آزمايشگاه سيستم‌هاي عامل,163330180,آيدين برزگر,دوشنبه  از 10:30 تا 12:00 ,كارشناسي پيوسته,عملي,0,1
4628102246,آزمايشگاه سيستم‌هاي عامل,163330179,آيدين برزگر,يكشنبه  از 12:30 تا 14:00 ,كارشناسي پيوسته,عملي,0,1
4628102246,آزمايشگاه سيستم‌هاي عامل,163330178,آيدين برزگر,يكشنبه  از 10:30 تا 12:00 ,كارشناسي پيوسته,عملي,0,1
4628102246,آزمايشگاه سيستم‌هاي عامل,163330177,آيدين برزگر,يكشنبه  از 09:00 تا 10:30 ,كارشناسي پيوسته,عملي,0,1
4628102246,آزمايشگاه سيستم‌هاي عامل,163330176,آيدين برزگر,دوشنبه  از 09:00 تا 10:30 ,كارشناسي پيوسته,عملي,0,1
4628102126,آزمايشگاه ريز پردارنده,163330175,,,كارشناسي پيوسته,عملي,0,1
4628102126,آزمايشگاه ريز پردارنده,163330174,,,كارشناسي پيوسته,عملي,0,1
4628102126,آزمايشگاه ريز پردارنده,163330173,,,كارشناسي پيوسته,عملي,0,1
4628102126,آزمايشگاه ريز پردارنده,163330172,مهدي قائمي اميري,سه شنبه  از 17:00 تا 18:30 ,كارشناسي پيوسته,عملي,0,1
4628102126,آزمايشگاه ريز پردارنده,163330171,مهدي قائمي اميري,سه شنبه  از 15:30 تا 17:00 ,كارشناسي پيوسته,عملي,0,1
4628102126,آزمايشگاه ريز پردارنده,163330170,مهدي قائمي اميري,سه شنبه  از 14:00 تا 15:30 ,كارشناسي پيوسته,عملي,0,1
4628102126,آزمايشگاه ريز پردارنده,163330169,سميرا خنشاء,يكشنبه  از 17:00 تا 18:30 ,كارشناسي پيوسته,عملي,0,1
4628102126,آزمايشگاه ريز پردارنده,163330168,سميرا خنشاء,شنبه  از 17:00 تا 18:30 ,كارشناسي پيوسته,عملي,0,1
4628101485,آزمايشگاه پايگاه داده,163330167,سميه رحيمي,چهارشنبه  از 09:00 تا 10:30 ,كارشناسي پيوسته,عملي,0,1
4628101485,آزمايشگاه پايگاه داده,163330166,سميه رحيمي,چهارشنبه  از 10:30 تا 12:00 ,كارشناسي پيوسته,عملي,0,1
4628101485,آزمايشگاه پايگاه داده,163330165,سميه رحيمي,چهارشنبه  از 12:30 تا 14:00 ,كارشناسي پيوسته,عملي,0,1
4628101485,آزمايشگاه پايگاه داده,163330164,سميه رحيمي,چهارشنبه  از 14:00 تا 15:30 ,كارشناسي پيوسته,عملي,0,1
4628145941,مباني كامپيوتر و برنامه‌سازي,163330161,سيد ابراهيم دشتي,يكشنبه  از 09:45 تا 12:00 ,كارشناسي پيوسته,نظري,3,0
4628145941,مباني كامپيوتر و برنامه‌سازي,163330160,سيد ابراهيم دشتي,يكشنبه  از 07:30 تا 09:45 ,كارشناسي پيوسته,نظري,3,0
4628145941,مباني كامپيوتر و برنامه‌سازي,163330159,سيد ابراهيم دشتي,شنبه  از 09:45 تا 12:00 ,كارشناسي پيوسته,نظري,3,0
4628145941,مباني كامپيوتر و برنامه‌سازي,163330158,سيد ابراهيم دشتي,شنبه  از 07:30 تا 09:45 ,كارشناسي پيوسته,نظري,3,0
4628182893,كارگاه برنامه نويسي مت لپ,163330157,رويا بهروزي,سه شنبه  از 09:45 تا 12:00 ,كارشناسي پيوسته,عملي,0,1
4628182893,كارگاه برنامه نويسي مت لپ,163330156,رويا بهروزي,دوشنبه  از 09:45 تا 12:00 ,كارشناسي پيوسته,عملي,0,1
4628111667,برنامه‌سازي پيشرفته,163330155,رويا بهروزي,سه شنبه  از 07:30 تا 09:45 ,كارشناسي پيوسته,نظري,3,0
4628111667,برنامه‌سازي پيشرفته,163330154,رويا بهروزي,دوشنبه  از 07:30 تا 09:45 ,كارشناسي پيوسته,نظري,3,0
4628111667,برنامه‌سازي پيشرفته,163330153,رويا بهروزي,يكشنبه  از 09:45 تا 12:00 ,كارشناسي پيوسته,نظري,3,0
4628182893,كارگاه برنامه نويسي مت لپ,163330152,رويا بهروزي,يكشنبه  از 07:30 تا 09:45 ,كارشناسي پيوسته,عملي,0,1
4628132653,ساختمان‌هاي داده,163330151,صديقه طاهري,دوشنبه  از 14:45 تا 17:00 ,كارشناسي پيوسته,نظري,3,0
4628132653,ساختمان‌هاي داده,163330150,صديقه طاهري,دوشنبه  از 12:30 تا 14:45 ,كارشناسي پيوسته,نظري,3,0
4628132653,ساختمان‌هاي داده,163330149,صديقه طاهري,يكشنبه  از 14:45 تا 17:00 ,كارشناسي پيوسته,نظري,3,0
4628132653,ساختمان‌هاي داده,163330148,صديقه طاهري,يكشنبه  از 12:30 تا 14:45 ,كارشناسي پيوسته,نظري,3,0
4628135451,شبكه‌هاي كامپيوتري,163330147,احمد مصلي نژاد,شنبه  از 14:45 تا 17:00 ,كارشناسي پيوسته,نظري,3,0
4628135451,شبكه‌هاي كامپيوتري,163330146,احمد مصلي نژاد,شنبه  از 12:30 تا 14:45 ,كارشناسي پيوسته,نظري,3,0
4628135313,سيگنالها وسيستم ها,163330145,امير رضا استخريان حقيقي,يكشنبه  از 09:45 تا 12:00 ,كارشناسي پيوسته,نظري,3,0
4628135313,سيگنالها وسيستم ها,163330144,امير رضا استخريان حقيقي,يكشنبه  از 07:30 تا 09:45 ,كارشناسي پيوسته,نظري,3,0
4628155511,هوش مصنوعي و سيستم هاي خبره,163330143,الهام پروين نيا,سه شنبه  از 12:30 تا 14:45 ,كارشناسي پيوسته,نظري,3,0
4628155511,هوش مصنوعي و سيستم هاي خبره,163330142,الهام پروين نيا,سه شنبه  از 07:30 تا 09:45 ,كارشناسي پيوسته,نظري,3,0
4628164509,مباني بازبابي اطلاعات وجستجوي وب,163330141,مهدي محرابي,سه شنبه  از 14:45 تا 17:00 ,كارشناسي پيوسته,نظري,3,0
4628164509,مباني بازبابي اطلاعات وجستجوي وب,163330140,مهدي محرابي,سه شنبه  از 12:30 تا 14:45 ,كارشناسي پيوسته,نظري,3,0
4628105622,اصول طراحي كامپايلر,163330139,فرزاد قهرماني,سه شنبه  از 07:30 تا 09:45 ,كارشناسي پيوسته,نظري,3,0
4628105622,اصول طراحي كامپايلر,163330138,فرزاد قهرماني,دوشنبه  از 09:45 تا 12:00 ,كارشناسي پيوسته,نظري,3,0
4628105622,اصول طراحي كامپايلر,163330137,فرزاد قهرماني,دوشنبه  از 07:30 تا 09:45 ,كارشناسي پيوسته,نظري,3,0
4628130341,ريزپردازنده و زبان اسمبلي,163330136,محمد علي اسدي,سه شنبه  از 09:45 تا 12:00 ,كارشناسي پيوسته,نظري,3,0
4628130341,ريزپردازنده و زبان اسمبلي,163330135,محمد علي اسدي,سه شنبه  از 07:30 تا 09:45 ,كارشناسي پيوسته,نظري,3,0
4628130341,ريزپردازنده و زبان اسمبلي,163330134,محمد علي اسدي,دوشنبه  از 09:45 تا 12:00 ,كارشناسي پيوسته,نظري,3,0
4628130341,ريزپردازنده و زبان اسمبلي,163330133,محمد علي اسدي,دوشنبه  از 07:30 تا 09:45 ,كارشناسي پيوسته,نظري,3,0
4628147873,مدارهاي منطقي,163330132,محمدامين شايگان,شنبه  از 14:45 تا 17:00 ,كارشناسي پيوسته,نظري,3,0
4628147873,مدارهاي منطقي,163330131,محمدامين شايگان,شنبه  از 12:30 تا 14:45 ,كارشناسي پيوسته,نظري,3,0
4628150474,معماري‌ كامپيوتر,163330130,محمد علي تبرزد,يكشنبه  از 07:30 تا 09:45 ,كارشناسي پيوسته,نظري,3,0
4628153620,نظريه زبان‌ها و ماشين‌ها,163330129,كاظم براتي مهر,سه شنبه  از 09:45 تا 12:00 ,كارشناسي پيوسته,نظري,3,0
4628153620,نظريه زبان‌ها و ماشين‌ها,163330128,كاظم براتي مهر,سه شنبه  از 07:30 تا 09:45 ,كارشناسي پيوسته,نظري,3,0
4628153620,نظريه زبان‌ها و ماشين‌ها,163330127,كاظم براتي مهر,شنبه  از 09:45 تا 12:00 ,كارشناسي پيوسته,نظري,3,0
4628153620,نظريه زبان‌ها و ماشين‌ها,163330126,كاظم براتي مهر,شنبه  از 07:30 تا 09:45 ,كارشناسي پيوسته,نظري,3,0
4628137355,طراحي زبان هاي برنامه سازي,163330125,غلامرضا ستوده,دوشنبه  از 12:30 تا 14:45 ,كارشناسي پيوسته,نظري,3,0
4628137355,طراحي زبان هاي برنامه سازي,163330124,غلامرضا ستوده,شنبه  از 12:30 تا 14:45 ,كارشناسي پيوسته,نظري,3,0
1398107859,آمار واحتمالات‌ مهندسي,523175175462,,پنج شنبه  از 12:30 تا 14:45 ,كارشناسي پيوسته,نظري,3,0
1398107859,آمار واحتمالات‌ مهندسي,523175175461,,پنج شنبه  از 09:45 تا 12:00 ,كارشناسي پيوسته,نظري,3,0
1398107859,آمار واحتمالات‌ مهندسي,523175175460,,پنج شنبه  از 07:30 تا 09:45 ,كارشناسي پيوسته,نظري,3,0
55005,آمار و احتمال (پيش نياز دانشگاهي),523175175457,,چهارشنبه  از 15:30 تا 17:00 ,كارشناسي پيوسته,نظري,2,0
55005,آمار و احتمال (پيش نياز دانشگاهي),523175175455,,چهارشنبه  از 14:00 تا 15:30 ,كارشناسي پيوسته,نظري,2,0
55005,آمار و احتمال (پيش نياز دانشگاهي),523175175454,,چهارشنبه  از 12:30 تا 14:00 ,كارشناسي پيوسته,نظري,2,0
6138150350,معادلات‌ ديفرانسيل‌,523175175450,سارا فناطي رشيدي,يكشنبه  از 07:30 تا 09:45 ,كارشناسي ناپيوسته,نظري,3,0
6138150350,معادلات‌ ديفرانسيل‌,523175175448,الهام رحيمي,شنبه  از 09:45 تا 12:00 ,كارشناسي پيوسته,نظري,3,0
6138150350,معادلات‌ ديفرانسيل‌,523175175446,الهام رحيمي,شنبه  از 07:30 تا 09:45 ,كارشناسي ناپيوسته,نظري,3,0
4628150360,معادلات ديفرانسل,523175175444,سارا فناطي رشيدي,يكشنبه  از 09:45 تا 12:00 ,كارشناسي پيوسته,نظري,3,0
4628150360,معادلات ديفرانسل,523175175441,سارا فناطي رشيدي,يكشنبه  از 07:30 تا 09:45 ,كارشناسي پيوسته,نظري,3,0
4628150360,معادلات ديفرانسل,523175175439,الهام رحيمي,شنبه  از 09:45 تا 12:00 ,كارشناسي پيوسته,نظري,3,0
4628150360,معادلات ديفرانسل,523175175437,الهام رحيمي,شنبه  از 07:30 تا 09:45 ,كارشناسي پيوسته,نظري,3,0
4628129685,رياضي‌عمومي‌ 2,523175175434,سارا فناطي رشيدي,شنبه  از 07:30 تا 09:30 دوشنبه  از 07:30 تا 09:30 ,كارشناسي پيوسته,نظري,3,0
4628129685,رياضي‌عمومي‌ 2,523175175432,زهرا كمالي,دوشنبه  از 09:30 تا 11:30 سه شنبه  از 09:30 تا 11:30 ,كارشناسي پيوسته,نظري,3,0
4628129685,رياضي‌عمومي‌ 2,523175175431,مريم سپاسي,يكشنبه  از 12:30 تا 14:30 سه شنبه  از 12:30 تا 14:30 ,كارشناسي پيوسته,نظري,3,0
4628129685,رياضي‌عمومي‌ 2,523175175428,خديجه جاهدي,يكشنبه  از 08:00 تا 10:00 سه شنبه  از 08:00 تا 10:00 ,كارشناسي پيوسته,نظري,3,0
4628165140,رياضي عمومي 1,523175175423,زهرا كمالي,دوشنبه  از 07:30 تا 09:30 سه شنبه  از 07:30 تا 09:30 ,كارشناسي پيوسته,نظري,3,0
4628165140,رياضي عمومي 1,523175175421,مريم سپاسي,يكشنبه  از 14:30 تا 16:30 سه شنبه  از 14:30 تا 16:30 ,كارشناسي پيوسته,نظري,3,0
4628165140,رياضي عمومي 1,523175175419,مريم سپاسي,يكشنبه  از 10:00 تا 12:00 سه شنبه  از 10:00 تا 12:00 ,كارشناسي پيوسته,نظري,3,0
4628165140,رياضي عمومي 1,523175175417,مهسا فاتحي,يكشنبه  از 09:30 تا 11:30 سه شنبه  از 09:30 تا 11:30 ,كارشناسي پيوسته,نظري,3,0
4628165140,رياضي عمومي 1,523175175415,مهسا فاتحي,يكشنبه  از 07:30 تا 09:30 سه شنبه  از 07:30 تا 09:30 ,كارشناسي پيوسته,نظري,3,0
55001,رياضيات پايه(پيش نياز دانشگاهي),523175175411,,,كارشناسي پيوسته,نظري,2,0
55001,رياضيات پايه(پيش نياز دانشگاهي),523175175409,مهسا فاتحي,دوشنبه  از 10:30 تا 12:00 ,كارشناسي پيوسته,نظري,2,0
55001,رياضيات پايه(پيش نياز دانشگاهي),523175175408,محمدهادي هوشمند,دوشنبه  از 07:30 تا 09:00 ,كارشناسي پيوسته,نظري,2,0
55001,رياضيات پايه(پيش نياز دانشگاهي),523175175407,مهسا فاتحي,دوشنبه  از 09:00 تا 10:30 ,كارشناسي پيوسته,نظري,2,0
4628127605,روش پژوهش و ارايه,163330119,امين اسكندري,سه شنبه  از 07:30 تا 09:00 ,كارشناسي پيوسته,نظري,2,0
4628127605,روش پژوهش و ارايه,163330118,امين اسكندري,يكشنبه  از 09:00 تا 10:30 ,كارشناسي پيوسته,نظري,2,0
4628169362,سيستم هاي عامل,163330117,مهدي صفرپور,سه شنبه  از 09:45 تا 12:00 ,كارشناسي پيوسته,نظري,3,0
4628169362,سيستم هاي عامل,163330116,مهدي صفرپور,سه شنبه  از 07:30 تا 09:45 ,كارشناسي پيوسته,نظري,3,0
4628169362,سيستم هاي عامل,163330115,مهدي صفرپور,دوشنبه  از 09:45 تا 12:00 ,كارشناسي پيوسته,نظري,3,0
4628169362,سيستم هاي عامل,163330114,مهدي صفرپور,دوشنبه  از 07:30 تا 09:45 ,كارشناسي پيوسته,نظري,3,0
4628181643,پياده سازي سيستم پايگاه داده,163330113,وحيد صفاري,سه شنبه  از 12:30 تا 14:45 ,كارشناسي پيوسته,نظري,3,0
4628181643,پياده سازي سيستم پايگاه داده,163330112,وحيد صفاري,دوشنبه  از 12:30 تا 14:45 ,كارشناسي پيوسته,نظري,3,0
4628164737,مهندسي نرم افراز,163330111,وحيد صفاري,سه شنبه  از 09:45 تا 12:00 ,كارشناسي پيوسته,نظري,3,0
4628164737,مهندسي نرم افراز,163330110,وحيد صفاري,سه شنبه  از 07:30 تا 09:45 ,كارشناسي پيوسته,نظري,3,0
4628164737,مهندسي نرم افراز,163330109,وحيد صفاري,دوشنبه  از 09:45 تا 12:00 ,كارشناسي پيوسته,نظري,3,0
4628164737,مهندسي نرم افراز,163330108,وحيد صفاري,دوشنبه  از 07:30 تا 09:45 ,كارشناسي پيوسته,نظري,3,0
4628130407,زبان‌تخصصي‌,163330107,امين طوسي,سه شنبه  از 09:00 تا 10:30 ,كارشناسي پيوسته,نظري,2,0
4628130407,زبان‌تخصصي‌,163330106,امين طوسي,سه شنبه  از 07:30 تا 09:00 ,كارشناسي پيوسته,نظري,2,0
4628130407,زبان‌تخصصي‌,163330105,امين طوسي,دوشنبه  از 09:00 تا 10:30 ,كارشناسي پيوسته,نظري,2,0
4628130407,زبان‌تخصصي‌,163330104,امين طوسي,دوشنبه  از 07:30 تا 09:00 ,كارشناسي پيوسته,نظري,2,0
4628130407,زبان‌تخصصي‌,163330103,امين طوسي,يكشنبه  از 10:30 تا 12:00 ,كارشناسي پيوسته,نظري,2,0
4628130407,زبان‌تخصصي‌,163330102,امين طوسي,يكشنبه  از 09:00 تا 10:30 ,كارشناسي پيوسته,نظري,2,0
4628130407,زبان‌تخصصي‌,163330101,امين طوسي,يكشنبه  از 07:30 تا 09:00 ,كارشناسي پيوسته,نظري,2,0
99062,ورزش 1,523175175364,,,كارشناسي ناپيوسته,عملي,0,1
5990156275,كارآفريني,821-31,بهادر پرهيزگاري,دوشنبه  از 09:45 تا 12:00 ,كارداني پيوسته,نظري_عملي,1,1
5990130423,زبان‌ فني‌,821-30,حميد سلطاني,شنبه  از 14:30 تا 16:00 ,كارداني پيوسته,نظري,2,0
5990111675,برنامه‌نويسي مبتني بر وب,821-29,مهدي نصيري نوروزاني,سه شنبه  از 10:30 تا 12:00 ,كارداني پيوسته,نظري_عملي,1,1
5990132559,ساختمان‌داده‌ها,821-28,,,كارداني پيوسته,نظري,3,0
5990181265,برنامه نويسي سخت افزار,821-27,,سه شنبه  از 14:30 تا 16:00 ,كارداني پيوسته,نظري_عملي,1,1
5990103163,آزمايشگاه نرم‌افزارهاي گرافيكي,821-26,آرزو خسروي,سه شنبه  از 14:30 تا 16:00 ,كارداني پيوسته,عملي,0,1
5990103163,آزمايشگاه نرم‌افزارهاي گرافيكي,821-25,آرزو خسروي,سه شنبه  از 13:00 تا 14:30 ,كارداني پيوسته,عملي,0,1
5990181618,سيستم هاي مديريت محتوا,821-24,آيدين برزگر,سه شنبه  از 10:30 تا 12:00 ,كارداني پيوسته,نظري_عملي,1,1
5990102228,آزمايشگاه سيستم عامل,821-22,آيدين برزگر,سه شنبه  از 09:00 تا 10:30 ,كارداني پيوسته,عملي,0,1
326100221,مباني برنامه نويسي و ويژوال بيسيك (جبراني),821-23,آيدين برزگر,سه شنبه  از 07:30 تا 09:00 ,كارداني پيوسته,نظري,2,0
5990147736,مدار منطقي,821-21,,دوشنبه  از 14:30 تا 16:00 ,كارداني پيوسته,نظري,2,0
5990181263,برنامه نويسي موبايل 2,821-19,مهدي بردبار,دوشنبه  از 13:00 تا 15:15 ,كارداني پيوسته,نظري_عملي,1,1
55100,مباني كامپيوتر و كارگاه (جبراني),821-18,سميه حق طلبي,دوشنبه  از 09:45 تا 12:00 ,كارداني پيوسته,نظري,2,1
5990159901,كارگاه شبكه هاي كامپيوتري,821-17,سميه حق طلبي,دوشنبه  از 07:30 تا 09:00 ,كارداني پيوسته,عملي,0,1
5990181259,برنامه نويسي موبايل 1,821-16,مهدي بردبار,دوشنبه  از 09:45 تا 12:00 ,كارداني پيوسته,نظري_عملي,1,1
5990181258,نرم افزارهاي توسعه موبايل,821-15,مهدي بردبار,دوشنبه  از 07:30 تا 09:00 ,كارداني پيوسته,عملي,0,1
5990138014,طراحي وب,821-14,,يكشنبه  از 09:45 تا 12:00 ,كارداني پيوسته,نظري_عملي,1,1
5990147565,محيط‌ هاي‌ چندرسانه‌ اي‌,821-13,سميه حق طلبي,يكشنبه  از 07:30 تا 09:45 ,كارداني پيوسته,نظري_عملي,1,1
5990181252,بازاريابي مجازي,821-12,علي حيدر زادگان,يكشنبه  از 15:15 تا 17:30 ,كارداني پيوسته,نظري_عملي,1,1
5990181253,تجاري سازي محصول,821-12,علي حيدر زادگان,يكشنبه  از 13:00 تا 15:15 ,كارداني پيوسته,نظري_عملي,1,1
5990134775,سيستم عامل,821-11,آيدين برزگر,سه شنبه  از 12:30 تا 14:00 ,كارداني پيوسته,نظري,2,0
5990101495,آزمايشگاه پايگاه‌ داده‌ها,821-10,سميه حق طلبي,يكشنبه  از 09:45 تا 12:00 ,كارداني پيوسته,عملي,0,2
5990114001,پايگاه‌داده‌ها,821-9,امين اسكندري,يكشنبه  از 07:30 تا 09:00 ,كارداني پيوسته,نظري,2,0
5990111667,برنامه‌سازي پيشرفته,821-8,سيد سجاد مويد,شنبه  از 15:15 تا 17:30 ,كارداني پيوسته,نظري_عملي,1,1
5990111667,برنامه‌سازي پيشرفته,821-7,سيد سجاد مويد,شنبه  از 13:00 تا 15:15 ,كارداني پيوسته,نظري_عملي,1,1
5990181277,مباحث ويژه در برنامه نويسي,821-6,سيد سجاد مويد,شنبه  از 09:45 تا 12:00 ,كارداني پيوسته,نظري_عملي,1,1
5990181277,مباحث ويژه در برنامه نويسي,821-5,سيد سجاد مويد,شنبه  از 07:30 تا 09:45 ,كارداني پيوسته,نظري_عملي,1,1
5990181256,كار راه شغلي,821-4,بهادر پرهيزگاري,دوشنبه  از 07:30 تا 09:00 ,كارداني پيوسته,نظري,2,0
5990171998,تجزيه و تحليل سيستم ها,821-3,سميه حق طلبي,شنبه  از 10:30 تا 12:00 ,كارداني پيوسته,نظري,2,0
7000004963,بسته هاي نرم افزاري,821-2,سميه حق طلبي,شنبه  از 09:00 تا 10:30 ,كارداني پيوسته,نظري,2,0
5990145174,مباني شبكه‌هاي كامپيوتري,821-1,سميه حق طلبي,شنبه  از 07:30 تا 09:00 ,كارداني پيوسته,نظري,2,0
6138207662,طراحي كامپايلر,523175175323,,سه شنبه  از 09:45 تا 12:30 ,كارشناسي ناپيوسته,نظري,3,0
90755,انقلاب اسلامي ايران,163175175322,,,كارشناسي ناپيوسته,نظري,2,0
1884102914,آزمايشگاه مهندسي نرم افزار,163175175321,,سه شنبه  از 07:30 تا 09:00 ,كارشناسي ناپيوسته,عملي,0,1
6138207657,آزمايشگاه هوش مصنوعي,163175175320,,,كارشناسي ناپيوسته,كارگاهي,0,1
6138155491,هوش مصنوعي,163175175319,,,كارشناسي ناپيوسته,نظري,3,0
6138181288,اينترنت اشيا,163330381,,دوشنبه  از 07:30 تا 10:30 ,كارشناسي ناپيوسته,آزمايشگاهي,2,1
,,,,,,,,
